﻿<Language Name="English" IsRightToLeft="false">
  <LocaleResource Name="Nop.Plugins.Payments.Divido.Settings.ApiUrl">
    <Value>Api URL</Value>
  </LocaleResource>
  <LocaleResource Name="Nop.Plugins.Payments.Divido.Settings.ApiUrl.Hint">
    <Value>Divido Api URL.</Value>
  </LocaleResource>
  <LocaleResource Name="Nop.Plugins.Payments.Divido.Settings.ApiKey">
    <Value>Api key</Value>
  </LocaleResource>
  <LocaleResource Name="Nop.Plugins.Payments.Divido.Settings.ApiKey.Hint">
    <Value>Divido Api key.</Value>
  </LocaleResource>
  <LocaleResource Name="Nop.Plugins.Payments.Divido.Settings.SharedSecret">
    <Value>Shared secret</Value>
  </LocaleResource>
  <LocaleResource Name="Nop.Plugins.Payments.Divido.Settings.SharedSecret.Hint">
    <Value>The application calls will be verified with an hmac header using the shared secret.</Value>
  </LocaleResource>
  <LocaleResource Name="Nop.Plugins.Payments.Divido.Settings.AdditionalFee">
    <Value>Additional fee</Value>
  </LocaleResource>
  <LocaleResource Name="Nop.Plugins.Payments.Divido.Settings.AdditionalFee.Hint">
    <Value>Additional fee.</Value>
  </LocaleResource>
  <LocaleResource Name="Nop.Plugins.Payments.Divido.Settings.AdditionalFeePercentage">
    <Value>Additional fee. Use percentage</Value>
  </LocaleResource>
  <LocaleResource Name="Nop.Plugins.Payments.Divido.Settings.AdditionalFeePercentage.Hint">
    <Value>Determines whether to apply a percentage additional fee to the order total. If not enabled, a fixed value is used.</Value>
  </LocaleResource>
  <LocaleResource Name="Nop.Plugins.Payments.Divido.Settings.MinCartThreshold">
    <Value>Min cart threshold</Value>
  </LocaleResource>
  <LocaleResource Name="Nop.Plugins.Payments.Divido.Settings.MinCartThreshold.Hint">
    <Value>You can set a minimum cart threshold where the payment method will not be shown under this value.</Value>
  </LocaleResource>
  <LocaleResource Name="Nop.Plugins.Payments.Divido.Settings.MinProductThreshold">
    <Value>Min product threshold</Value>
  </LocaleResource>
  <LocaleResource Name="Nop.Plugins.Payments.Divido.Settings.MinProductThreshold.Hint">
    <Value>You can set a minimum product threshold where the widget on product page will not be shown under this value.</Value>
  </LocaleResource>
  <LocaleResource Name="Nop.Plugins.Payments.Divido.Settings.MaxCartThreshold">
    <Value>Max cart threshold</Value>
  </LocaleResource>
  <LocaleResource Name="Nop.Plugins.Payments.Divido.Settings.MaxCartThreshold.Hint">
    <Value>You can set a maximum cart threshold where the payment method will not be shown over this value.</Value>
  </LocaleResource>
  <LocaleResource Name="Nop.Plugins.Payments.Divido.Settings.Title">
    <Value>Payment method title</Value>
  </LocaleResource>
  <LocaleResource Name="Nop.Plugins.Payments.Divido.Settings.Title.Hint">
    <Value>You can change the payment method title.</Value>
  </LocaleResource>
  <LocaleResource Name="Nop.Plugins.Payments.Divido.Settings.DescriptionText">
    <Value>Payment method description</Value>
  </LocaleResource>
  <LocaleResource Name="Nop.Plugins.Payments.Divido.Settings.DescriptionText.Hint">
    <Value>You can change the payment method description.</Value>
  </LocaleResource>
  <LocaleResource Name="Nop.Plugins.Payments.Divido.Settings.Footnote">
    <Value>Widget footnote</Value>
  </LocaleResource>
  <LocaleResource Name="Nop.Plugins.Payments.Divido.Settings.Footnote.Hint">
    <Value>You can change the calculator widget footnote.</Value>
  </LocaleResource>
  <LocaleResource Name="Nop.Plugins.Payments.Divido.Settings.ButtonText">
    <Value>Widget button text</Value>
  </LocaleResource>
  <LocaleResource Name="Nop.Plugins.Payments.Divido.Settings.ButtonText.Hint">
    <Value>You can change the lightbox widget button text.</Value>
  </LocaleResource>
  <LocaleResource Name="Nop.Plugins.Payments.Divido.Settings.WidgetMode">
    <Value>Product page widget display mode</Value>
  </LocaleResource>
  <LocaleResource Name="Nop.Plugins.Payments.Divido.Settings.WidgetMode.Hint">
    <Value>You can change the widget display mode on the product page.</Value>
  </LocaleResource>
  <LocaleResource Name="Nop.Plugins.Payments.Divido.Settings.ShowPlansMode">
    <Value>Show plans mode</Value>
  </LocaleResource>
  <LocaleResource Name="Nop.Plugins.Payments.Divido.Settings.ShowPlansMode.Hint">
    <Value>You can choose the plans you want to offer to your customers.</Value>
  </LocaleResource>
  <LocaleResource Name="Nop.Plugins.Payments.Divido.Settings.SelectedPlansIds">
    <Value>Select specific plans</Value>
  </LocaleResource>
  <LocaleResource Name="Nop.Plugins.Payments.Divido.Settings.SelectedPlansIds.Hint">
    <Value>You can select plans you want to offer to your customers.</Value>
  </LocaleResource>
  <LocaleResource Name="Nop.Plugins.Payments.Divido.Settings.CancelApplicationAfterOrderIsCancelled">
    <Value>Cancel application when order is cancelled/deleted</Value>
  </LocaleResource>
  <LocaleResource Name="Nop.Plugins.Payments.Divido.Settings.CancelApplicationAfterOrderIsCancelled.Hint">
    <Value>Automatically cancel Divido application when nop order is cancelled/deleted.</Value>
  </LocaleResource>
  <LocaleResource Name="Nop.Plugins.Payments.Divido.Settings.RefundApplicationAfterOrderIsRefunded">
    <Value>Refund application when order is refunded</Value>
  </LocaleResource>
  <LocaleResource Name="Nop.Plugins.Payments.Divido.Settings.RefundApplicationAfterOrderIsRefunded.Hint">
    <Value>Automatically refund Divido application when nop order is refunded.</Value>
  </LocaleResource>
  <LocaleResource Name="Nop.Plugins.Payments.Divido.Settings.OrderStatusForApplicationActivation">
    <Value>Activate application when order/shipping status is changed</Value>
  </LocaleResource>
  <LocaleResource Name="Nop.Plugins.Payments.Divido.Settings.OrderStatusForApplicationActivation.Hint">
    <Value>Automatically activate Divido application when nop order/shipping status is changed. Application can be activated only in 'Ready' status.</Value>
  </LocaleResource>
  <LocaleResource Name="Nop.Plugins.Payments.Divido.Settings.OnStatus.Accepted">
    <Value>Accepted</Value>
  </LocaleResource>
  <LocaleResource Name="Nop.Plugins.Payments.Divido.Settings.OnStatus.Declined">
    <Value>Declined</Value>
  </LocaleResource>
  <LocaleResource Name="Nop.Plugins.Payments.Divido.Settings.OnStatus.DepositPaid">
    <Value>Deposit Paid</Value>
  </LocaleResource>
  <LocaleResource Name="Nop.Plugins.Payments.Divido.Settings.OnStatus.Signed">
    <Value>Signed</Value>
  </LocaleResource>
  <LocaleResource Name="Nop.Plugins.Payments.Divido.Settings.OnStatus.Ready">
    <Value>Ready</Value>
  </LocaleResource>
  <LocaleResource Name="Nop.Plugins.Payments.Divido.Settings.OnStatus.Activated">
    <Value>Activated</Value>
  </LocaleResource>
  <LocaleResource Name="Nop.Plugins.Payments.Divido.Settings.OnStatus.Canceled">
    <Value>Cancelled</Value>
  </LocaleResource>
  <LocaleResource Name="Nop.Plugins.Payments.Divido.Settings.OnStatus.Refunded">
    <Value>Refunded</Value>
  </LocaleResource>
  <LocaleResource Name="Nop.Plugins.Payments.Divido.Settings.OnStatus.Completed">
    <Value>Completed</Value>
  </LocaleResource>
  <LocaleResource Name="Nop.Plugins.Payments.Divido.Settings.DividoStatus">
    <Value>Divido application status</Value>
  </LocaleResource>
  <LocaleResource Name="Nop.Plugins.Payments.Divido.Settings.NopOrderStatus">
    <Value>Nop order status</Value>
  </LocaleResource>
  <LocaleResource Name="Nop.Plugins.Payments.Divido.Settings.NopOrderStatus.Hint">
    <Value>OrderStatus.Processing and OrderStatus.Complete are not displayed since they are automaically changed based on PaymentStatus and ShippingStatus changes.</Value>
  </LocaleResource>
  <LocaleResource Name="Nop.Plugins.Payments.Divido.Settings.NopPaymentStatus">
    <Value>Nop payment status</Value>
  </LocaleResource>
  <LocaleResource Name="Nop.Plugins.Payments.Divido.Settings.NopShippingStatus">
    <Value>Nop shipping status</Value>
  </LocaleResource>
  <LocaleResource Name="Nop.Plugins.Payments.Divido.Settings.ApplicationUpdateInfo">
    <Value>Change Divido application to a different status after certain events occur on the order:</Value>
  </LocaleResource>
  <LocaleResource Name="Nop.Plugins.Payments.Divido.Settings.WebhookInfo">
    <Value>Change order/payment to a different status whenever the following notifications are sent by Divido:</Value>
  </LocaleResource>
  <LocaleResource Name="Nop.Plugins.Payments.Divido.Validation.InvalidPLan">
    <Value>Invalid plan</Value>
  </LocaleResource>
  <LocaleResource Name="Nop.Plugins.Payments.Divido.Validation.InvalidDeposit">
    <Value>Invalid deposit value</Value>
  </LocaleResource>
  <LocaleResource Name="Nop.Plugins.Payments.Divido.Validation.InvalidPaymentMethod">
    <Value>Invalid payment method. You can't use Divido.</Value>
  </LocaleResource>
  <LocaleResource Name="Nop.Plugins.Payments.Divido.Validation.InvalidCart">
    <Value>Shopping cart is empty</Value>
  </LocaleResource>
  <LocaleResource Name="Nop.Plugins.Payments.Divido.Validation.CreationApplicationFailed">
    <Value>Divido application can not be created.</Value>
  </LocaleResource>
  <LocaleResource Name="Nop.Plugins.Payments.Divido.Validation.Currency">
    <Value>Currency {0} is not defined in your store. The plugin will not work properly.</Value>
  </LocaleResource>
  <LocaleResource Name="Nop.Plugins.Payments.Divido.Validation.PrimaryStoreCurrency">
    <Value>Currency {0} is not set as primary currency of your store. The plugin will not work properly.</Value>
  </LocaleResource>
  <LocaleResource Name="Nop.Plugins.Payments.Divido.Validation.NoFinances">
    <Value>No finances</Value>
  </LocaleResource>
  <LocaleResource Name="Nop.Plugins.Payments.Divido.DividoProductSetting">
    <Value>Divido payment settings</Value>
  </LocaleResource>
  <LocaleResource Name="Nop.Plugins.Payments.Divido.DividoProductSettingInfo">
    <Value>This setting is only available after creating a product (in edit product page).</Value>
  </LocaleResource>
  <LocaleResource Name="Nop.Plugins.Payments.Divido.ApplicationError">
    <Value>Error processing the application. Please, try again or contact with store owner.</Value>
  </LocaleResource>
</Language>
