﻿<Language Name="English" IsRightToLeft="false">
  <LocaleResource Name="Nop.Plugins.Payments.Divido.Settings.ApiUrl">
    <Value>Environment URL</Value>
  </LocaleResource>
  <LocaleResource Name="Nop.Plugins.Payments.Divido.Settings.ApiUrl.Hint">
    <Value>Insert the environment URL supplied by your finance provider</Value>
  </LocaleResource>
  <LocaleResource Name="Nop.Plugins.Payments.Divido.Settings.ApiKey">
    <Value>Api key</Value>
  </LocaleResource>
  <LocaleResource Name="Nop.Plugins.Payments.Divido.Settings.ApiKey.Hint">
    <Value>Insert the API key retrieved from the live merchant's portal to use for your production website (or from the sandbox merchant portal to use for testing)</Value>
  </LocaleResource>
  <LocaleResource Name="Nop.Plugins.Payments.Divido.Settings.SharedSecret">
    <Value>Shared secret</Value>
  </LocaleResource>
  <LocaleResource Name="Nop.Plugins.Payments.Divido.Settings.SharedSecret.Hint">
    <Value>Insert the optional shared secret provided by your finance provider</Value>
  </LocaleResource>
  <LocaleResource Name="Nop.Plugins.Payments.Divido.Settings.AdditionalFee">
    <Value>Additional fee</Value>
  </LocaleResource>
  <LocaleResource Name="Nop.Plugins.Payments.Divido.Settings.AdditionalFee.Hint">
    <Value>Define the fixed amount that the customer will be charged when using this payment method</Value>
  </LocaleResource>
  <LocaleResource Name="Nop.Plugins.Payments.Divido.Settings.AdditionalFeePercentage">
    <Value>Additional fee. Use percentage</Value>
  </LocaleResource>
  <LocaleResource Name="Nop.Plugins.Payments.Divido.Settings.AdditionalFeePercentage.Hint">
    <Value>If enabled, the additional fee will be a percentage of the total value as opposed to a fixed amount</Value>
  </LocaleResource>
  <LocaleResource Name="Nop.Plugins.Payments.Divido.Settings.MinCartThreshold">
    <Value>Min cart threshold</Value>
  </LocaleResource>
  <LocaleResource Name="Nop.Plugins.Payments.Divido.Settings.MinCartThreshold.Hint">
    <Value>Define the minimum total cart value in order for finance to be an option at checkout</Value>
  </LocaleResource>
  <LocaleResource Name="Nop.Plugins.Payments.Divido.Settings.MinProductThreshold">
    <Value>Min product threshold</Value>
  </LocaleResource>
  <LocaleResource Name="Nop.Plugins.Payments.Divido.Settings.MinProductThreshold.Hint">
    <Value>Define the minimum value of a product needed to be viable for finance</Value>
  </LocaleResource>
  <LocaleResource Name="Nop.Plugins.Payments.Divido.Settings.MaxCartThreshold">
    <Value>Max cart threshold</Value>
  </LocaleResource>
  <LocaleResource Name="Nop.Plugins.Payments.Divido.Settings.MaxCartThreshold.Hint">
    <Value>Define the maximum total cart value in order for finance to be an option at checkout</Value>
  </LocaleResource>
  <LocaleResource Name="Nop.Plugins.Payments.Divido.Settings.Title">
    <Value>Payment method title</Value>
  </LocaleResource>
  <LocaleResource Name="Nop.Plugins.Payments.Divido.Settings.Title.Hint">
    <Value>Define the name of the payment option at checkout</Value>
  </LocaleResource>
  <LocaleResource Name="Nop.Plugins.Payments.Divido.Settings.DescriptionText">
    <Value>Payment method description</Value>
  </LocaleResource>
  <LocaleResource Name="Nop.Plugins.Payments.Divido.Settings.DescriptionText.Hint">
    <Value>Define the description of the payment option at checkout</Value>
  </LocaleResource>
  <LocaleResource Name="Nop.Plugins.Payments.Divido.Settings.Footnote">
    <Value>Widget footnote</Value>
  </LocaleResource>
  <LocaleResource Name="Nop.Plugins.Payments.Divido.Settings.Footnote.Hint">
    <Value>Define the small print that appears at the end of the widget</Value>
  </LocaleResource>
  <LocaleResource Name="Nop.Plugins.Payments.Divido.Settings.ButtonText">
    <Value>Widget button text</Value>
  </LocaleResource>
  <LocaleResource Name="Nop.Plugins.Payments.Divido.Settings.ButtonText.Hint">
    <Value>Define the text that appears on the widget button. The default will be the lowest payment per month available (e.g. from €108.29 per month)</Value>
  </LocaleResource>
  <LocaleResource Name="Nop.Plugins.Payments.Divido.Settings.WidgetMode">
    <Value>Product page widget display mode</Value>
  </LocaleResource>
  <LocaleResource Name="Nop.Plugins.Payments.Divido.Settings.WidgetMode.Hint">
    <Value>Select how the widget is displayed on the product page: lightbox or calculator</Value>
  </LocaleResource>
  <LocaleResource Name="Nop.Plugins.Payments.Divido.Settings.ShowPlansMode">
    <Value>Show plans mode</Value>
  </LocaleResource>
  <LocaleResource Name="Nop.Plugins.Payments.Divido.Settings.ShowPlansMode.Hint">
    <Value>Select whether all plans should be shown or just the ones selected</Value>
  </LocaleResource>
  <LocaleResource Name="Nop.Plugins.Payments.Divido.Settings.SelectedPlansIds">
    <Value>Select specific plans</Value>
  </LocaleResource>
  <LocaleResource Name="Nop.Plugins.Payments.Divido.Settings.SelectedPlansIds.Hint">
    <Value>You can select plans you want to offer to your customers.</Value>
  </LocaleResource>
  <LocaleResource Name="Nop.Plugins.Payments.Divido.Settings.CancelApplicationAfterOrderIsCancelled">
    <Value>Cancel application when order is cancelled/deleted</Value>
  </LocaleResource>
  <LocaleResource Name="Nop.Plugins.Payments.Divido.Settings.CancelApplicationAfterOrderIsCancelled.Hint">
    <Value>Enable this option to automatically notify the lender that the order is cancelled whenever an order's status is set to cancelled</Value>
  </LocaleResource>
  <LocaleResource Name="Nop.Plugins.Payments.Divido.Settings.RefundApplicationAfterOrderIsRefunded">
    <Value>Refund application when order is refunded</Value>
  </LocaleResource>
  <LocaleResource Name="Nop.Plugins.Payments.Divido.Settings.RefundApplicationAfterOrderIsRefunded.Hint">
    <Value>Enable this option to automatically notify the lender that the order is refunded whenever an order's status is set to refunded</Value>
  </LocaleResource>
  <LocaleResource Name="Nop.Plugins.Payments.Divido.Settings.OrderStatusForApplicationActivation">
    <Value>Activate application when order/shipping status is changed</Value>
  </LocaleResource>
  <LocaleResource Name="Nop.Plugins.Payments.Divido.Settings.OrderStatusForApplicationActivation.Hint">
    <Value>Enable this option to automatically notify the lender that the order is complete whenever you change it to a specified status</Value>
  </LocaleResource>
  <LocaleResource Name="Nop.Plugins.Payments.Divido.Settings.OnStatus.Accepted">
    <Value>Accepted</Value>
  </LocaleResource>
  <LocaleResource Name="Nop.Plugins.Payments.Divido.Settings.OnStatus.Declined">
    <Value>Declined</Value>
  </LocaleResource>
  <LocaleResource Name="Nop.Plugins.Payments.Divido.Settings.OnStatus.DepositPaid">
    <Value>Deposit Paid</Value>
  </LocaleResource>
  <LocaleResource Name="Nop.Plugins.Payments.Divido.Settings.OnStatus.Signed">
    <Value>Signed</Value>
  </LocaleResource>
  <LocaleResource Name="Nop.Plugins.Payments.Divido.Settings.OnStatus.Ready">
    <Value>Ready</Value>
  </LocaleResource>
  <LocaleResource Name="Nop.Plugins.Payments.Divido.Settings.OnStatus.Activated">
    <Value>Activated</Value>
  </LocaleResource>
  <LocaleResource Name="Nop.Plugins.Payments.Divido.Settings.OnStatus.Canceled">
    <Value>Cancelled</Value>
  </LocaleResource>
  <LocaleResource Name="Nop.Plugins.Payments.Divido.Settings.OnStatus.Refunded">
    <Value>Refunded</Value>
  </LocaleResource>
  <LocaleResource Name="Nop.Plugins.Payments.Divido.Settings.OnStatus.Completed">
    <Value>Completed</Value>
  </LocaleResource>
  <LocaleResource Name="Nop.Plugins.Payments.Divido.Settings.DividoStatus">
    <Value>Divido application status</Value>
  </LocaleResource>
  <LocaleResource Name="Nop.Plugins.Payments.Divido.Settings.NopOrderStatus">
    <Value>Nop order status</Value>
  </LocaleResource>
  <LocaleResource Name="Nop.Plugins.Payments.Divido.Settings.NopOrderStatus.Hint">
    <Value>OrderStatus.Processing and OrderStatus.Complete are not displayed since they are automaically changed based on PaymentStatus and ShippingStatus changes.</Value>
  </LocaleResource>
  <LocaleResource Name="Nop.Plugins.Payments.Divido.Settings.NopPaymentStatus">
    <Value>Nop payment status</Value>
  </LocaleResource>
  <LocaleResource Name="Nop.Plugins.Payments.Divido.Settings.NopShippingStatus">
    <Value>Nop shipping status</Value>
  </LocaleResource>
  <LocaleResource Name="Nop.Plugins.Payments.Divido.Settings.ApplicationUpdateInfo">
    <Value>Change Divido application to a different status after certain events occur on the order:</Value>
  </LocaleResource>
  <LocaleResource Name="Nop.Plugins.Payments.Divido.Settings.WebhookInfo">
    <Value>Change order/payment to a different status whenever the following notifications are sent by Divido:</Value>
  </LocaleResource>
  <LocaleResource Name="Nop.Plugins.Payments.Divido.Validation.InvalidPLan">
    <Value>Invalid plan</Value>
  </LocaleResource>
  <LocaleResource Name="Nop.Plugins.Payments.Divido.Validation.InvalidDeposit">
    <Value>Invalid deposit value</Value>
  </LocaleResource>
  <LocaleResource Name="Nop.Plugins.Payments.Divido.Validation.InvalidPaymentMethod">
    <Value>Invalid payment method. You can't use Divido.</Value>
  </LocaleResource>
  <LocaleResource Name="Nop.Plugins.Payments.Divido.Validation.InvalidCart">
    <Value>Shopping cart is empty</Value>
  </LocaleResource>
  <LocaleResource Name="Nop.Plugins.Payments.Divido.Validation.CreationApplicationFailed">
    <Value>Divido application can not be created.</Value>
  </LocaleResource>
  <LocaleResource Name="Nop.Plugins.Payments.Divido.Validation.Currency">
    <Value>Currency {0} is not defined in your store. The plugin will not work properly.</Value>
  </LocaleResource>
  <LocaleResource Name="Nop.Plugins.Payments.Divido.Validation.PrimaryStoreCurrency">
    <Value>Currency {0} is not set as primary currency of your store. The plugin will not work properly.</Value>
  </LocaleResource>
  <LocaleResource Name="Nop.Plugins.Payments.Divido.Validation.NoFinances">
    <Value>No finances</Value>
  </LocaleResource>
  <LocaleResource Name="Nop.Plugins.Payments.Divido.DividoProductSetting">
    <Value>Divido payment settings</Value>
  </LocaleResource>
  <LocaleResource Name="Nop.Plugins.Payments.Divido.DividoProductSettingInfo">
    <Value>This setting is only available after creating a product (in edit product page).</Value>
  </LocaleResource>
  <LocaleResource Name="Nop.Plugins.Payments.Divido.ApplicationError">
    <Value>Error processing the application. Please, try again or contact with store owner.</Value>
  </LocaleResource>  
    <LocaleResource Name="Nop.Plugins.Payments.Divido.Settings.GeneralHeader">
        <Value>General Settings</Value>
    </LocaleResource>
    <LocaleResource Name="Nop.Plugins.Payments.Divido.Settings.CheckoutHeader">
        <Value>Checkout Settings</Value>
    </LocaleResource>
    <LocaleResource Name="Nop.Plugins.Payments.Divido.Settings.ConditionsHeader">
        <Value>Conditions Settings</Value>
    </LocaleResource>
    <LocaleResource Name="Nop.Plugins.Payments.Divido.Settings.WidgetHeader">
        <Value>Widget Settings</Value>
    </LocaleResource>
    <LocaleResource Name="Nop.Plugins.Payments.Divido.Settings.NotificationsHeader">
        <Value>Notifications Settings</Value>
    </LocaleResource>
    <LocaleResource Name="Nop.Plugins.Payments.Divido.Settings.StatusHeader">
        <Value>Status Settings</Value>
    </LocaleResource>
</Language>
